EvtypeidFk,Evurl1,Evurl2,Ltname,Pos,MuttypeidFk,Mobj,Msub,Mutation,Coverage,AnnotationtypeidFk,Annotationcodon1,Annotationcodon2,Annotationposition,Annotationbracket1,Annotationbracket2,Annotation,Geneparameter1,Geneparameter2,Gene,Description
2,evidence/SNP_1.html,,LTMG3,127904,1,T,A,A→T,100%,1,,,0,+1261,176,intergenicÂ (+1261/â176),CAETHG_0121,CAETHG_0122,CAETHG_0121 → / → CAETHG_0122,malate transporter/ketolâacid reductoisomerase
2,evidence/DEL_2.html,,LTMG3,170156,3,G,GT,Δ1 bp,100%,2,,,0,630,927,codingÂ (630/927Â nt),CAETHG_0162,,CAETHG_0162 ←,transcriptional regulator
1,evidence/JC_554.html,,LTMG3,218881,0,GATTTATAAGTTTTTCCTCTGC,G,+21 bp,100%,2,,,0,1546,2655,codingÂ (1546/2655Â nt),CAETHG_0210,,CAETHG_0210 ←,DNA mismatch repair protein MutS
2,evidence/DEL_4.html,,LTMG3,258958,3,C,CT,Δ1 bp,100%,2,,,0,2607,3243,codingÂ (2607/3243Â nt),CAETHG_0242,,CAETHG_0242 ←,helicase
2,evidence/DEL_5.html,,LTMG3,337001,3,A,AT,Δ1 bp,100%,2,,,0,253,1176,codingÂ (253/1176Â nt),CAETHG_0319,,CAETHG_0319 →,5 aminoimidazole 4 carboxamide ribonucleotide transformylase
2,evidence/SNP_6.html,,LTMG3,413762,1,T,C,C→T,100%,3,D,N,145,GAT,AAT,D145N (GAT→AAT) ,CAETHG_0385,,CAETHG_0385 ←,butanediol dehydrogenase
2,evidence/SNP_7.html,,LTMG3,441467,1,C,T,T→C,44.6%,3,K,K,189,AAA,AAG,K189K (AAA→AAG) ,CAETHG_0407,,CAETHG_0407 ←,amino acid permease
2,evidence/SNP_8.html,,LTMG3,441496,1,T,C,C→T,55.7%,3,A,T,180,GCT,ACT,A180T (GCT→ACT) ,CAETHG_0407,,CAETHG_0407 ←,amino acid permease
2,evidence/SNP_9.html,,LTMG3,441521,1,C,T,T→C,58.1%,3,L,L,171,TTA,TTG,L171L (TTA→TTG) ,CAETHG_0407,,CAETHG_0407 ←,amino acid permease
2,evidence/SNP_10.html,,LTMG3,441527,1,G,A,A→G,56.4%,3,G,G,169,GGT,GGC,G169G (GGT→GGC) ,CAETHG_0407,,CAETHG_0407 ←,amino acid permease
2,evidence/SNP_11.html,,LTMG3,441869,1,G,T,T→G,13.5%,3,K,N,55,AAA,AAC,K55N (AAA→AAC) ,CAETHG_0407,,CAETHG_0407 ←,amino acid permease
2,evidence/SNP_12.html,,LTMG3,443313,1,G,T,T→G,100%,3,T,P,206,ACT,CCT,T206P (ACT→CCT) ,CAETHG_0408,,CAETHG_0408 ←,amino acid permease
2,evidence/SNP_13.html,,LTMG3,443316,1,G,T,T→G,100%,3,N,H,205,AAT,CAT,N205H (AAT→CAT) ,CAETHG_0408,,CAETHG_0408 ←,amino acid permease
2,evidence/SNP_14.html,,LTMG3,443323,1,T,G,G→T,100%,3,S,R,202,AGC,AGA,S202R (AGC→AGA) ,CAETHG_0408,,CAETHG_0408 ←,amino acid permease
2,evidence/SNP_15.html,,LTMG3,443329,1,A,G,G→A,100%,3,G,G,200,GGC,GGT,G200G (GGC→GGT) ,CAETHG_0408,,CAETHG_0408 ←,amino acid permease
2,evidence/SNP_16.html,,LTMG3,443341,1,A,G,G→A,100%,3,F,F,196,TTC,TTT,F196F (TTC→TTT) ,CAETHG_0408,,CAETHG_0408 ←,amino acid permease
2,evidence/SNP_17.html,,LTMG3,443344,1,T,C,C→T,100%,3,L,L,195,TTG,TTA,L195L (TTG→TTA) ,CAETHG_0408,,CAETHG_0408 ←,amino acid permease
2,evidence/SNP_18.html,,LTMG3,443571,1,C,T,T→C,100%,3,I,V,120,ATT,GTT,I120V (ATT→GTT) ,CAETHG_0408,,CAETHG_0408 ←,amino acid permease
2,evidence/SNP_19.html,,LTMG3,443574,1,A,C,C→A,100%,3,A,S,119,GCA,TCA,A119S (GCA→TCA) ,CAETHG_0408,,CAETHG_0408 ←,amino acid permease
2,evidence/SNP_20.html,,LTMG3,443602,1,T,C,C→T,100%,3,G,G,109,GGG,GGA,G109G (GGG→GGA) ,CAETHG_0408,,CAETHG_0408 ←,amino acid permease
1,evidence/JC_555.html,,LTMG3,557278,0,TATAGACTTTTTCTACAAAAGGACTTTCATTTAAAAATTGAGCTAT,T,+45 bp,85.4%,2,,,0,775,1143,codingÂ (775/1143Â nt),CAETHG_0498,,CAETHG_0498 ←,cystathionine gammaâsynthase
2,evidence/DEL_22.html,,LTMG3,642169,3,T,TA,Δ1 bp,100%,2,,,0,156,375,codingÂ (156/375Â nt),CAETHG_0584,,CAETHG_0584 →,betaâlactamase
2,evidence/DEL_23.html,,LTMG3,689213,3,C,CT,Δ1 bp,18.2%,2,,,0,1040,1083,codingÂ (1040/1083Â nt),CAETHG_0628,,CAETHG_0628 ←,hypothetical protein
2,evidence/SNP_24.html,,LTMG3,746220,1,G,A,A→G,10.7%,3,I,T,416,ATT,ACT,I416T (ATT→ACT) ,CAETHG_0680,,CAETHG_0680 ←,amidohydrolase
2,evidence/INS_25.html,,LTMG3,766007,4,GAT,G,+AT,100%,2,,,0,1465,1731,codingÂ (1465/1731Â nt),CAETHG_0699,,CAETHG_0699 →,multidrug ABC transporter ATPâbinding protein
2,evidence/SNP_26.html,,LTMG3,804788,1,G,A,A→G,100%,3,I,T,115,ATA,ACA,I115T (ATA→ACA) ,CAETHG_0744,,CAETHG_0744 ←,hypothetical protein
2,evidence/SNP_27.html,,LTMG3,1071670,1,T,C,C→T,100%,3,D,N,290,GAT,AAT,D290N (GAT→AAT) ,CAETHG_1001,,CAETHG_1001 ←,hypothetical protein
1,evidence/JC_558.html,,LTMG3,1260514,0,A,AAACGTATGAAATTACAAGAATACCAAATACTATTTCCATAATATCAAAAGCCTTTGCCTTAGCTCTATTTTCAATAGCAATGTTCCGTTCATCTTTATCTTTTTCTTTCACAAGAAATTTATGATATATGCCATTAGTAATTGAAGCTACCGCCATTGCCA,Δ161 bp,84.6%,2,,,0,2 162,267,coding (2 162/267 nt),CAETHG_04540,,CAETHG_04540 ←,hypothetical protein
2,evidence/INS_29.html,,LTMG3,1307842,4,TC,T,+C,100%,2,,,0,210,984,codingÂ (210/984Â nt),CAETHG_1221,,CAETHG_1221 ←,lipoate  protein ligase
2,evidence/DEL_30.html,,LTMG3,1334901,3,A,AT,Δ1 bp,100%,2,,,0,263,1311,codingÂ (263/1311Â nt),CAETHG_1249,,CAETHG_1249 ←,vanomycin resistance protein VanB
2,evidence/SNP_31.html,,LTMG3,1405840,1,G,A,A→G,12.1%,3,V,A,13,GTG,GCG,V13A (GTG→GCG) ,CAETHG_1313,,CAETHG_1313 ←,glycosyl transferase
2,evidence/DEL_32.html,,LTMG3,1431698,3,A,AT,Δ1 bp,100%,2,,,0,2287,2370,codingÂ (2287/2370Â nt),CAETHG_1339,,CAETHG_1339 ←,peptidase U32
2,evidence/SNP_33.html,,LTMG3,1524614,1,A,G,G→A,100%,1,,,0, 3464, 3789,intergenic ( 3464/ 3789),CAETHG_1423,CAETHG_1425,CAETHG_1423 ← / → CAETHG_1425,glutamine amidotransferase/histidine kinase
2,evidence/DEL_34.html,,LTMG3,1986993,3,C,CT,Δ1 bp,100%,2,,,0,20,1443,codingÂ (20/1443Â nt),CAETHG_1848,,CAETHG_1848 ←,hypothetical protein
2,evidence/SNP_35.html,,LTMG3,2030151,1,T,C,C→T,100%,1,,,0,118,+11,intergenicÂ (â118/+11),CAETHG_1886,CAETHG_1887,CAETHG_1886 ← / ← CAETHG_1887,hypothetical protein/phosphoglucosamine mutase
2,evidence/SNP_36.html,,LTMG3,2172450,1,T,C,C→T,100%,3,A,V,196,GCA,GTA,A196V (GCA→GTA) ,CAETHG_2027,,CAETHG_2027 →,UDP N acetylglucosamine 1 carboxyvinyltransferase
2,evidence/SNP_37.html,,LTMG3,2313580,1,T,C,C→T,100%,3,T,I,60,ACT,ATT,T60I (ACT→ATT) ,CAETHG_2170,,CAETHG_2170 →,hypothetical protein
2,evidence/SNP_38.html,,LTMG3,2328329,1,C,T,T→C,12.5%,3,E,G,39,GAA,GGA,E39G (GAA→GGA) ,CAETHG_2183,,CAETHG_2183 ←,hydrolase Cof
2,evidence/DEL_39.html,,LTMG3,2402394,3,G,GA,Δ1 bp,100%,2,,,0,4,213,codingÂ (4/213Â nt),CAETHG_2243,,CAETHG_2243 →,CsfB
2,evidence/SNP_40.html,,LTMG3,2406086,1,A,G,G→A,100%,3,K,K,293,AAG,AAA,K293K (AAG→AAA) ,CAETHG_2247,,CAETHG_2247 →,DNA polymerase III subunit delta'
2,evidence/SNP_41.html,,LTMG3,2414811,1,A,T,T→A,100%,1,,,0, 321, 231,intergenic ( 321/ 231),CAETHG_2257,CAETHG_2258,CAETHG_2257 ← / → CAETHG_2258,AbrB family transcriptional regulator/tRNA nucleotidyltransferase
2,evidence/INS_42.html,,LTMG3,2423723,4,AT,A,+T,100%,2,,,0,514,1497,codingÂ (514/1497Â nt),CAETHG_2267,,CAETHG_2267 →,hydrolase
2,evidence/SNP_43.html,,LTMG3,2586898,1,A,G,G→A,100%,3,M,I,45,ATG,ATA,M45I (ATG→ATA) ,CAETHG_2423,,CAETHG_2423 →,cell division protein FtsX
2,evidence/SNP_44.html,,LTMG3,2672423,1,C,T,T→C,13.5%,1,,,0,+463,+609,intergenicÂ (+463/+609),CAETHG_2493,CAETHG_2495,CAETHG_2493 → / ← CAETHG_2495,5'ânucleotidase/hypothetical protein
2,evidence/SNP_45.html,,LTMG3,2715149,1,G,C,C→G,10.1%,3,T,S,95,ACT,AGT,T95S (ACT→AGT) ,CAETHG_2526,,CAETHG_2526 →,hypothetical protein
2,evidence/DEL_46.html,,LTMG3,2817153,3,C,CA,Δ1 bp,100%,1,,,0,+225,257,intergenicÂ (+225/â257),CAETHG_2613,cpsB,CAETHG_2613 → / → cpsB,hypothetical protein/mannoseâ1âphosphate guanyltransferase
6,evidence/MC_PLOT_534.html,evidence/MC_PLOT_534.html,LTMG3,2913653,0,G,GTTATGTAGAAATTGCAGAAGATAAAATTATAGTTTATGGCAAAGCTGTTTTATTAAAAAATG,Δ62 bp,100%,2,,,0,300 361,729,coding (300 361/729 nt),CAETHG_2704,,CAETHG_2704 →,peptidase
1,evidence/JC_562.html,,LTMG3,3159778,0,TAAA,T,+AAA,100%,2,,,0,1277,1773,codingÂ (1277/1773Â nt),CAETHG_2916,,CAETHG_2916 →,DNA primase
6,evidence/MC_PLOT_535.html,evidence/MC_PLOT_535.html,LTMG3,3173036,0,AAG,TGGAAGGTAAATTTAATTATGTAAAAACACGTACTGTTGTAAAACAGAATATGCCTTATAAGCCTATGGCTGAAGTTGTTAAAGATCAGCCTATGTTTGAATATAACGGTGTTGATGGATATGTGGTTGGATTTAGGTGTCCTGATTATGTTGAAGGCCTTAATGTCCCTGGATATCATTTTCATTTCATAAATAAAGATAAGAAATTTGGTGGACATATAAGTGAATTTTCCATTGAAAATGCGAAGGTTTATGTACAGAACTGTTCTTGCTTTAGGATGGAACTTCCTAAAAATGAAAGTTTTTATAATATGGAAGTACAAGATAGAAACGATGAGATAACAAGTGTTGAAAAATAAAGTATTGATAGAAAAAAACACTAGACAGTGCTAATAACAATGTCTAGTGCTTTTTATCTTGCTCAATTTTTTCATTGAGTTCATTTAAGTAAGTCCAC,457 bp→AAG,100%,0,,,0,,,,,,[CAETHG_2932]–[CAETHG_2933],[CAETHG_2932], [CAETHG_2933]
2,evidence/DEL_50.html,,LTMG3,3463787,3,T,TA,Δ1 bp,100%,2,,,0,141,825,codingÂ (141/825Â nt),CAETHG_3206,,CAETHG_3206 →,RNA methyltransferase
2,evidence/DEL_51.html,,LTMG3,3560372,3,G,GT,Δ1 bp,100%,1,,,0,+78,8,intergenicÂ (+78/â8),CAETHG_3306,CAETHG_3307,CAETHG_3306 → / → CAETHG_3307,peptidase U32/peptidoglycan glycosyltransferase
2,evidence/SNP_52.html,,LTMG3,3870028,1,C,T,T→C,100%,3,S,S,94,AGT,AGC,S94S (AGT→AGC) ,CAETHG_3597,,CAETHG_3597 →,carbohydrate kinase
2,evidence/SNP_53.html,,LTMG3,3999442,1,A,G,G→A,100%,3,V,I,35,GTA,ATA,V35I (GTA→ATA) ,CAETHG_3699,,CAETHG_3699 →,ironâsulfur protein
2,evidence/INS_54.html,,LTMG3,4084618,4,CT,C,+T,100%,2,,,0,134,327,codingÂ (134/327Â nt),CAETHG_3793,,CAETHG_3793 →,hypothetical protein
2,evidence/INS_55.html,,LTMG3,4116722,4,AG,A,+G,100%,2,,,0,992,1017,codingÂ (992/1017Â nt),CAETHG_3829,,CAETHG_3829 →,iron ABC transporter substrateâbinding protein
2,evidence/SNP_56.html,,LTMG3,4183616,1,T,A,A→T,100%,3,M,K,91,ATG,AAG,M91K (ATG→AAG) ,CAETHG_3894,,CAETHG_3894 ←,chemotaxis protein CheY
2,evidence/SNP_57.html,,LTMG3,4329096,1,G,A,A→G,11.9%,3,V,A,622,GTA,GCA,V622A (GTA→GCA) ,CAETHG_4029,,CAETHG_4029 ←,hypothetical protein
2,evidence/SNP_58.html,,LTMG3,4329150,1,G,A,A→G,13.3%,3,V,A,604,GTA,GCA,V604A (GTA→GCA) ,CAETHG_4029,,CAETHG_4029 ←,hypothetical protein
2,evidence/SNP_59.html,,LTMG3,4329431,1,A,G,G→A,10.4%,3,G,G,510,GGC,GGT,G510G (GGC→GGT) ,CAETHG_4029,,CAETHG_4029 ←,hypothetical protein
2,evidence/SNP_60.html,,LTMG3,4329479,1,A,G,G→A,10.0%,3,T,T,494,ACC,ACT,T494T (ACC→ACT) ,CAETHG_4029,,CAETHG_4029 ←,hypothetical protein
2,evidence/SNP_61.html,,LTMG3,4329849,1,G,A,A→G,35.6%,3,I,T,371,ATC,ACC,I371T (ATC→ACC) ,CAETHG_4029,,CAETHG_4029 ←,hypothetical protein
2,evidence/SNP_62.html,,LTMG3,4329861,1,G,A,A→G,17.2%,3,V,A,367,GTA,GCA,V367A (GTA→GCA) ,CAETHG_4029,,CAETHG_4029 ←,hypothetical protein
2,evidence/SNP_63.html,,LTMG3,4329872,1,T,G,G→T,15.2%,3,G,G,363,GGC,GGA,G363G (GGC→GGA) ,CAETHG_4029,,CAETHG_4029 ←,hypothetical protein
2,evidence/SNP_64.html,,LTMG3,4330043,1,A,G,G→A,10.6%,3,G,G,306,GGC,GGT,G306G (GGC→GGT) ,CAETHG_4029,,CAETHG_4029 ←,hypothetical protein
2,evidence/SNP_65.html,,LTMG3,4330121,1,T,C,C→T,11.0%,3,E,E,280,GAG,GAA,E280E (GAG→GAA) ,CAETHG_4029,,CAETHG_4029 ←,hypothetical protein
4,evidence/MC_PLOT_547.html,,loxed catP,1,0,0,0,Δ855 bp,100%,1,,,0,–,–,intergenic (–/–),– /,,– / –,–/–
2,evidence/SNP_67.html,,pMTL83251 Ppta cre ermB,3859,1,0,0,A→G,12.1%,1,,,0,–,–,intergenic (–/–),– /,,– / –,–/–
